idx,valid,type,seq,p0x,p0y,p1x,p1y,cx,cy,r,dir,compMode
0,1,1,1,0.0000000,0.0000000,1.5000000,0.5000000,0.0000000,0.0000000,0.0000000,0,0
1,1,1,2,1.5000000,0.5000000,1.3512014,0.1625000,0.0000000,0.0000000,0.0000000,0,1
2,1,1,3,1.3512014,0.1625000,0.7500000,0.1625000,0.0000000,0.0000000,0.0000000,0,0
3,1,1,4,0.7500000,0.1625000,0.2076940,0.1625000,0.0000000,0.0000000,0.0000000,0,0
4,0,1,5,0.1625000,0.1625000,0.1625000,0.2000000,0.0000000,0.0000000,0.0000000,0,0
5,0,1,0,0.1625000,0.2000000,0.1151585,0.1393661,0.0000000,0.0000000,0.0000000,0,0
6,1,1,6,0.2076940,0.1625000,0.3151585,0.1893661,0.0000000,0.0000000,0.0000000,0,0
7,1,2,0,0.3151585,0.1893661,0.3375000,0.3000000,0.3000000,0.2500000,0.0625000,1,0
8,0,1,7,0.3151585,0.3106339,0.1151585,0.3606339,0.0000000,0.0000000,0.0000000,0,0
9,0,1,0,0.1151585,0.3606339,0.1151585,0.2393661,0.0000000,0.0000000,0.0000000,0,0
10,0,1,8,0.1151585,0.2393661,0.3151585,0.2893661,0.0000000,0.0000000,0.0000000,0,0
11,1,2,0,0.3375000,0.3000000,0.3375000,0.4000000,0.3000000,0.3500000,0.0625000,1,0
12,0,1,9,0.3122573,0.4112863,0.0622573,0.4612863,0.0000000,0.0000000,0.0000000,0,0
13,0,1,0,0.0622573,0.4612863,0.0622573,0.3387137,0.0000000,0.0000000,0.0000000,0,0
14,0,1,10,0.0622573,0.3387137,0.3122573,0.3887137,0.0000000,0.0000000,0.0000000,0,0
15,1,2,0,0.3375000,0.4000000,0.3151585,0.5106339,0.3000000,0.4500000,0.0625000,1,0
16,1,1,11,0.3151585,0.5106339,0.1625000,0.5487985,0.0000000,0.0000000,0.0000000,0,0
17,1,1,12,0.1625000,0.5487985,0.1625000,0.6000000,0.0000000,0.0000000,0.0000000,0,0
18,1,2,13,0.1000000,0.6000000,0.1000000,0.7000000,0.0800000,0.6500000,0.0538517,0,0
19,1,2,14,0.1000000,0.7000000,0.1000000,0.8000000,0.1000000,0.7500000,0.0500000,0,0
20,1,2,15,0.1000000,0.8000000,0.1625000,0.9100000,0.1000000,0.8500000,0.0500000,0,0
21,1,2,0,0.1625000,0.9100000,0.1000000,0.9725000,0.1625000,0.9100000,0.0000000,1,0
22,1,2,17,0.1000000,0.9725000,0.1000000,0.9925000,0.1000000,0.9825000,0.0100000,0,0
23,1,2,0,0.1000000,0.9925000,0.1625000,1.0549999,0.1000000,1.0549999,0.0624999,1,0
24,1,1,18,0.1625000,1.0549999,0.1625000,1.1049526,0.0000000,0.0000000,0.0000000,0,0
25,1,1,19,0.1625000,1.1049526,0.2697642,1.1407074,0.0000000,0.0000000,0.0000000,0,0
26,1,2,0,0.2697642,1.1407074,0.2941942,1.1558058,0.2500000,1.2000000,0.0625000,1,0
27,1,1,20,0.2941942,1.1558058,0.3941942,1.2558057,0.0000000,0.0000000,0.0000000,0,0
28,1,2,0,0.3941942,1.2558057,0.3697643,1.3592926,0.3500000,1.3000000,0.0625000,1,0
29,1,1,21,0.3697643,1.3592926,0.0943241,1.4511061,0.0000000,0.0000000,0.0000000,0,0
30,1,1,22,0.0943241,1.4511061,0.0623944,1.5149655,0.0000000,0.0000000,0.0000000,0,0
31,1,2,23,0.0623944,1.5149655,-0.2487063,2.2512946,-1.0000000,1.4999863,1.0625000,1,0
32,1,2,24,-0.2487054,2.2512937,-0.9375000,2.5606594,-1.0000137,1.5000000,1.0625000,1,0
33,1,1,25,-0.9375000,2.5606594,-0.9375000,2.7500000,0.0000000,0.0000000,0.0000000,0,0
34,1,2,26,-0.9375000,2.7500000,-1.2500000,3.0625000,-1.2500000,2.7500000,0.3125000,1,0
35,1,2,0,-1.2500000,3.0625000,-1.2752266,3.0571828,-1.2500000,3.0000000,0.0625000,1,0
36,1,2,27,-1.2752266,3.0571828,-1.5377266,3.2446828,-1.3509064,3.2287312,0.1875001,0,0
37,1,2,0,-1.5377266,3.2446828,-1.6000000,3.3125000,-1.6000000,3.2500000,0.0625000,1,0
38,1,1,28,-1.6000000,3.3125000,-1.9399500,3.3125000,0.0000000,0.0000000,0.0000000,0,0
39,1,1,29,-1.9399500,3.3125000,-1.9437523,3.4075568,0.0000000,0.0000000,0.0000000,0,0
40,1,1,30,-1.9437523,3.4075568,-1.7724361,3.3416660,0.0000000,0.0000000,0.0000000,0,0
41,1,2,0,-1.7724361,3.3416660,-1.6875000,3.4000001,-1.7500000,3.4000001,0.0625000,1,0
42,1,1,31,-1.6875000,3.4000001,-1.6875000,3.7000000,0.0000000,0.0000000,0.0000000,0,0
43,1,2,0,-1.6875000,3.7000000,-1.7732120,3.7580299,-1.7500000,3.7000000,0.0625000,1,0
44,1,1,32,-1.7732120,3.7580299,-1.9375000,3.6923146,0.0000000,0.0000000,0.0000000,0,0
45,1,1,33,-1.9375000,3.6923146,-1.9375000,3.9487624,0.0000000,0.0000000,0.0000000,0,0
46,1,1,35,-1.5000000,4.0999999,1.5000000,4.0999999,0.0000000,0.0000000,0.0000000,0,0
47,1,1,36,1.5000000,4.0999999,1.5000000,0.5000000,0.0000000,0.0000000,0.0000000,0,0
